Seconds since J2000,RA ECLIPJ2000 [rad],DEC ECLIPJ2000 [rad],O-C RA ECLIPJ2000 [rad],O-C DEC ECLIPJ2000 [rad]
466734012.673567,-0.4389863320204541,-0.013057787432060094,1.186266002151104e-06,-5.148858732671735e-07
466734304.446356,-0.4389872332641849,-0.013057870517816112,1.102251382945063e-06,-4.3225299802343575e-07
466735013.01278,-0.4389893672328807,-0.01305823450837062,9.555100443647824e-07,-3.90975353753778e-07
466735271.262395,-0.438990125593205,-0.013058384223230732,9.223658953283476e-07,-3.9199846584014875e-07
466735457.022361,-0.4389906745074382,-0.013058548604298377,8.954180993336891e-07,-4.4910274136882034e-07
466735682.267167,-0.4389912642444245,-0.013058660457185105,9.389543399462852e-07,-4.3051656965428786e-07
466735863.275157,-0.43899187173012055,-0.013058739278710289,8.406582597264567e-07,-4.0423225280798725e-07
466736032.878381,-0.4389923789282864,-0.0130587585653532,8.108022158115347e-07,-3.248066944173261e-07
466736214.404775,-0.4389928461945438,-0.01305894985626088,8.546896479444399e-07,-4.1020181928801136e-07
466736387.204763,-0.4389933795748089,-0.013059016151502578,8.081371389301317e-07,-3.754585583097547e-07
466736555.943981,-0.4389937949210513,-0.01305913409005653,8.684123448121639e-07,-3.9451434295616206e-07
466736782.225594,-0.4389945621565047,-0.01305930636321075,7.39358365087206e-07,-4.338469428329106e-07
466737007.211177,-0.438995257501558,-0.013059334992487945,6.789603629875351e-07,-3.2991601876808385e-07
466737192.452779,-0.43899574206985476,-0.01305939444081521,7.174932638576159e-07,-2.7993753419844336e-07
466737667.220794,-0.4389972139699017,-0.013059638566047894,5.87616217684328e-07,-2.424461246555709e-07
466737814.70557,-0.43899753124796276,-0.013059722145975861,6.876276079093024e-07,-2.3820605668002648e-07
466737968.843177,-0.4389980650723137,-0.013059809106250772,5.901189151225061e-07,-2.3321551796164075e-07
466738149.851167,-0.43899856384562036,-0.013060060940775973,6.039897594289911e-07,-3.768497462176834e-07
466738354.273595,-0.4389992316797339,-0.013060136861875517,5.154628403003514e-07,-3.302900911123646e-07
466738734.606394,-0.43900031840775394,-0.013060261598357456,5.075484484362569e-07,-2.2635251802592682e-07
466734672.855985,-0.43898830268907035,-0.013058048948005174,1.0655940820836207e-06,-4.0046591616091365e-07
466734762.971167,-0.43898862884295636,-0.01305815508512929,9.922138022311344e-07,-4.5501861754317086e-07
466738920.625582,-0.43900093299112475,-0.013060280320218116,4.2108726555634135e-07,-1.3285695422277088e-07
466739104.398394,-0.43900146193865575,-0.013060530704396535,4.1419688429078505e-07,-2.721395846796981e-07
466739243.502367,-0.4390018701819777,-0.013060552450562798,4.013248358081256e-07,-2.0963189593936615e-07
466739376.558374,-0.43900238492653865,-0.013060688595679498,2.6493066140886867e-07,-2.6506017875536914e-07
466739574.15517,-0.43900287348684297,-0.013060699585485195,3.3855246439618014e-07,-1.5595378946402227e-07
466739695.287967,-0.4390032759648259,-0.013060843426155362,2.8089189130220404e-07,-2.2603871767216954e-07
466817857.566404,-0.43926240270473793,-0.01311524217339108,1.486322449673061e-06,-5.432444809289755e-07
466818019.220808,-0.43926309448284373,-0.013115418105795135,1.3847472007388895e-06,-6.057605544344119e-07
466818135.256027,-0.43926338468358667,-0.013115413361872602,1.5182758398846197e-06,-5.196230800034313e-07
466818210.856019,-0.43926367932153154,-0.013115537116777078,1.4997461796895095e-06,-5.903555054045939e-07
466818338.296004,-0.4392642894530474,-0.013115505515307973,1.3551215569118646e-06,-4.693870300602476e-07
466819156.76322,-0.43926732147260755,-0.013116120675560304,1.3148021513753605e-06,-5.11034121651599e-07
466819319.368011,-0.43926797287074454,-0.013116291652582178,1.2581920591503426e-06,-5.681664611775772e-07
466819452.510399,-0.4392684516574695,-0.013116238778498886,1.2665307683179527e-06,-4.221000944396036e-07
466819598.094401,-0.4392690209650204,-0.01311649414311462,1.22997970775085e-06,-5.755901682606701e-07
466819687.086435,-0.43926935775760845,-0.013116392926350418,1.2189059745426611e-06,-4.1211363760451647e-07
466819765.278406,-0.439269615565462,-0.013116598895308938,1.247323943576184e-06,-5.633873882068818e-07
466819961.752014,-0.4392703725717189,-0.013116686654105156,1.2096697744046203e-06,-5.137497239935535e-07
466820063.099201,-0.43927081009112723,-0.013116743788199993,1.1432989304172025e-06,-5.000313216280833e-07
466820135.848032,-0.4392710989604686,-0.013116755197601472,1.1208823115227418e-06,-4.6059043668118804e-07
466820209.115227,-0.43927139004828164,-0.01311686992967943,1.0981759963057947e-06,-5.241175121788177e-07
466820283.764832,-0.4392716318821892,-0.013116800854672588,1.1298186915476016e-06,-4.0287930135746164e-07
466820356.513622,-0.43927183377979223,-0.013116981927751363,1.1944645735839643e-06,-5.33125203887666e-07
466820507.713607,-0.4392724625474964,-0.013117036772357807,1.1197734314793983e-06,-4.823563046121165e-07
466820624.785633,-0.4392728987355911,-0.013117110059535789,1.1126891022450458e-06,-4.738919097500155e-07
466820738.056031,-0.439273361103741,-0.013117230356390541,1.0655658579383775e-06,-5.151117182574522e-07
466820835.774431,-0.4392737165326588,-0.013117293731590773,1.0684285616791023e-06,-5.102830419427551e-07
466820977.556804,-0.4392742308176967,-0.013117252943728543,1.0740978102496967e-06,-3.7056287269937593e-07
466821062.660828,-0.4392745458668558,-0.013117389509470157,1.0712046182859147e-06,-4.477604357185083e-07
466821148.024035,-0.43927496519306714,-0.01311745900975178,9.650278210426855e-07,-4.577234577751721e-07
466821233.30082,-0.43927525184370236,-0.013117445243224758,9.91252507687168e-07,-3.844917999332176e-07
466821318.491225,-0.43927556689281894,-0.013117581809022292,9.888048052575371e-07,-4.6166465889931063e-07
466821447.486421,-0.43927603014873506,-0.013117508995617696,9.989717253411357e-07,-2.989415870367773e-07
466821532.676826,-0.4392763611718827,-0.013117764312482768,9.806587997762684e-07,-4.948961366008781e-07
466821617.953612,-0.43927666690287215,-0.013117779509234304,9.879987420413627e-07,-4.506828088363113e-07
466821703.144017,-0.4392770147885133,-0.013117726027149869,9.529106556604994e-07,-3.378633713704837e-07
466821788.507223,-0.4392773404868589,-0.013117967809232106,9.406883696438939e-07,-5.202004509097247e-07
466821868.772811,-0.43927764311205647,-0.013117838354319717,9.328597889712853e-07,-3.3486212684501193e-07
466821949.124819,-0.4392779741355023,-0.013117937378252982,8.969896691524148e-07,-3.779539764787315e-07
466822029.390407,-0.43927825235478385,-0.013118078011369792,9.136456760594491e-07,-4.6272676092889986e-07
466822109.656034,-0.4392785855971952,-0.013118045918460879,8.753182177412278e-07,-3.7478519320649495e-07
466822190.094423,-0.4392788908844518,-0.013118040450803635,8.65620471746098e-07,-3.1336052071923026e-07
466822264.91683,-0.439279132717656,-0.013118205815659882,8.987754303024786e-07,-4.266858720392702e-07
466822345.095997,-0.43927945930386075,-0.013118254487391496,8.669031293373486e-07,-4.1960404077549807e-07
466822425.361624,-0.4392797250986897,-0.013118363539286063,8.961800528894948e-07,-4.7285438795931223e-07
466822505.713633,-0.4392800645533671,-0.013118308163858682,8.521549592632738e-07,-3.616296358581461e-07
466822586.065601,-0.4392803853709144,-0.013118400782782168,8.268072818617966e-07,-3.984116600172505e-07
466904154.318403,-0.4396017182318624,-0.013153095146575918,1.5046372797700158e-06,-5.611878486320998e-07
466904275.883223,-0.4396021526350863,-0.013153085801457494,1.5491215162311e-06,-5.38719873184948e-07
466904391.572799,-0.43960272813469914,-0.013153239770969103,1.42928551649657e-06,-6.803002266502628e-07
466904495.771228,-0.4396030147855818,-0.01315306972900244,1.5529724964880032e-06,-4.991828311904506e-07
466904713.585617,-0.439604059752535,-0.01315297133828747,1.3655671415868653e-06,-3.778952400480817e-07
466905204.07843,-0.4396060347409976,-0.013153283423541651,1.3207217243182967e-06,-6.396866971021542e-07
466905299.550413,-0.4396064629310251,-0.01315329736091704,1.2680668726172684e-06,-6.440394056533849e-07
466905405.995218,-0.439606826785988,-0.01315320635882332,1.3228481429150563e-06,-5.424299653767478e-07
466905596.507201,-0.43960765743465074,-0.01315312974095477,1.2413055802684703e-06,-4.470354232760654e-07
466905718.763226,-0.4396081206789543,-0.01315313510179164,1.2586743237674725e-06,-4.404877193258522e-07
466905813.976027,-0.43960852046720167,-0.01315323314453297,1.2331296397327662e-06,-5.293325420069328e-07
466905909.275208,-0.4396088852044697,-0.013153261617748744,1.2429255458745736e-06,-5.486666107869242e-07
466906050.7984,-0.4396095352607918,-0.013153136202147881,1.148974550835291e-06,-4.0980308959118195e-07
466906146.011201,-0.4396097903933495,-0.013153296345457297,1.2679124301584466e-06,-5.609825997482387e-07
466906241.0512,-0.4396101981793992,-0.013153141179231463,1.2334687719550708e-06,-3.9693599503815014e-07
466906346.372817,-0.4396107439483288,-0.01315331726132545,1.1013740098264613e-06,-5.632554927383765e-07
466906441.585618,-0.439611054552488,-0.013153325347087306,1.1646878553261963e-06,-5.625867847778437e-07
466906536.8848,-0.43961152934060016,-0.013153164668743996,1.0641081559237264e-06,-3.93213740287196e-07
466906727.483203,-0.4396122210935668,-0.013153340643997856,1.1206263053065157e-06,-5.520031869255676e-07
466906822.696003,-0.4396126932111647,-0.013153368563730894,1.0222325605435678e-06,-5.714396714151526e-07
466906917.822424,-0.4396130215621528,-0.013153421766630173,1.067218365791156e-06,-6.16234920562328e-07
466907013.121605,-0.4396134120475413,-0.013153164001885556,1.0506998468495787e-06,-3.5011540928941987e-07
466907108.161604,-0.4396138069475524,-0.01315342546679639,1.0287020213994857e-06,-6.033163079816051e-07
466907299.278411,-0.439614542648535,-0.013153146546964012,1.0427302178372955e-06,-3.0798436571020937e-07
466907394.491212,-0.4396149845895916,-0.0131532540603582,9.742269382884139e-07,-4.0742430399559604e-07
466907489.790434,-0.4396153972466124,-0.013153326203783983,9.35299569015946e-07,-4.715556194689885e-07
466907585.089615,-0.4396156257655189,-0.013153262379384155,1.0804632314953544e-06,-3.9978791740308273e-07
466907680.216035,-0.4396161387041872,-0.01315331592238369,9.404830964565569e-07,-4.454707331017632e-07
466907807.310417,-0.4396166924708631,-0.01315323879599374,8.849381631370612e-07,-3.5795000065397264e-07
466907902.350417,-0.4396171135584333,-0.01315331283358846,8.363623366092199e-07,-4.242951533572209e-07
466907997.476797,-0.4396174219449769,-0.013153295743526265,9.007801622940015e-07,-3.995746215724322e-07
466908092.603217,-0.43961773919804886,-0.013153457504417009,9.56285837572235e-07,-5.537741376779315e-07
466908187.816018,-0.4396181984567701,-0.013153276885798858,8.700786964799256e-07,-3.65656574729048e-07
466908293.569618,-0.43961849263893316,-0.013153379994577023,9.901945149937141e-07,-4.605176088506163e-07
466908388.782419,-0.439618900418042,-0.013153381121420511,9.553711888821148e-07,-4.542921826569679e-07
466914061.460803,-0.4396420071580071,-0.01315317614579012,-5.449510953603465e-09,5.897480906229269e-08
466914156.673604,-0.43964243489692295,-0.013153325713860698,-6.260250168255155e-08,-8.767267330005157e-08
499822410.857785,-0.40379093540873173,-0.014156104845783024,1.1322006788216932e-06,-2.812106163711109e-07
499822447.577763,-0.4037911234260601,-0.01415628553590552,1.0250811616763222e-06,-4.3679462368058364e-07
499822514.710571,-0.4037912396354907,-0.01415622865075543,1.0567918830584055e-06,-3.340142022290743e-07
499822581.152174,-0.4037914335711909,-0.014156250344269412,1.0092786218440786e-06,-3.10290956080303e-07
499822743.584163,-0.40379174805301543,-0.014156380492914464,1.0528669822651437e-06,-3.2943313977608357e-07
499822809.16176,-0.4037919518972527,-0.014156523531564946,9.936270454202756e-07,-4.2766625519760626e-07
499823263.798562,-0.4037929501948138,-0.014156761529867263,9.985300965520416e-07,-3.552063141797762e-07
499823329.808182,-0.4037932499338054,-0.01415697066514402,8.445485041308487e-07,-5.19290956601734e-07
499823395.040175,-0.40379338736874726,-0.014156889634137311,8.511791745324793e-07,-3.937465489281533e-07
499823460.44497,-0.4037934483571519,-0.01415690702851427,9.34663351825904e-07,-3.6651616999727743e-07
499823541.488184,-0.40379369807816023,-0.014157068279885,8.63993916022654e-07,-4.724821235941451e-07
499823606.97936,-0.40379383948096026,-0.01415707442088394,8.673116705937289e-07,-4.339543922624728e-07
499823672.556956,-0.40379403844638534,-0.014157031451806266,8.132834983798354e-07,-3.462644442495111e-07
499823738.307354,-0.40379402244616547,-0.014157126604028512,9.746288169854012e-07,-3.9658485134590193e-07
499823955.084975,-0.40379469997457645,-0.014157315282196294,7.764848538593938e-07,-4.3750322606048164e-07
499824021.008174,-0.4037946513873499,-0.014157193731859372,9.709119171974478e-07,-2.710337414033731e-07
499824106.889784,-0.4037949162198916,-0.014157354164992109,8.961123525996761e-07,-3.7295927759507796e-07
499824203.571376,-0.4037951594581031,-0.014157460575761768,8.668586255478061e-07,-4.135198366367332e-07
499824299.043359,-0.403795389188745,-0.014157436637692415,8.484916538820109e-07,-3.245711761509784e-07
499824490.419388,-0.4037958234788697,-0.014157518905204737,8.38055145113703e-07,-2.765712258778058e-07
499824585.977791,-0.4037960908262607,-0.014157647007051027,7.82432763912766e-07,-3.396519043848828e-07
499911463.683388,-0.4040112893357209,-0.01419202769770861,6.884567209097803e-07,-2.228859393178101e-07
499911529.174563,-0.40401154533794614,-0.014192108129771843,5.918871896493094e-07,-2.986234111674452e-07
499911751.654588,-0.4040121298240881,-0.014192083399683792,5.488641654505244e-07,-2.581979068171786e-07
499911817.145763,-0.4040122719406276,-0.01419205271271386,5.660948719232728e-07,-2.2296520642631212e-07
499911882.72336,-0.4040124446468888,-0.014192098558340508,5.529268365944695e-07,-2.642931350802652e-07
499911948.214576,-0.4040126308396884,-0.014192081583745287,5.260429100650832e-07,-2.428408192207965e-07
499912013.705751,-0.40401277206544756,-0.01419214523043558,5.441067995604065e-07,-3.020438367508371e-07
499912079.196967,-0.4040128996122337,-0.014192136028714409,5.758307024539278e-07,-2.884325259969872e-07
499912144.688183,-0.4040132097530253,-0.01419210084858346,4.2494160673589576e-07,-2.4887693261116395e-07
499912210.265779,-0.4040132622846571,-0.014192116403046066,5.31852752061468e-07,-2.6008439734520605e-07
499912275.843376,-0.4040134979518914,-0.014192126646602535,4.5560938638500303e-07,-2.6601525561498196e-07
499912341.248171,-0.4040136612941534,-0.014192071814607972,4.5125212894125966e-07,-2.0691613240170215e-07
499912406.652966,-0.4040137861507511,-0.014192152444635432,4.853618569833351e-07,-2.833132329640997e-07
499912472.316983,-0.4040139228691003,-0.014192108251951987,5.082211483875554e-07,-2.3490529315293995e-07
499912537.89458,-0.40401408764375496,-0.014191979753818742,5.02795458656724e-07,-1.022319399603816e-07
499912603.299375,-0.4040143288837641,-0.014191946002589353,4.2046601306244824e-07,-6.435086410613855e-08
499912668.963352,-0.40401447929886525,-0.014192167827547859,4.295726732106431e-07,-2.8206418358281415e-07
499912734.454568,-0.40401473636641366,-0.01419209642552706,3.3158876677763516e-07,-2.065958876890095e-07
499912799.945784,-0.4040148367476806,-0.014192077195650613,3.902728132332278e-07,-1.8333427918328093e-07
499912865.52338,-0.4040150859192373,-0.014192217788258871,3.003580722471533e-07,-3.1992449124954025e-07
528088647.180761,-0.352899118171766,-0.015275169688728378,5.549285018724426e-07,-2.2377286073432812e-07
528089105.187169,-0.35290110694855137,-0.015275039381552188,4.0390203903672983e-07,-1.4500663849358053e-07
528089167.222358,-0.3529013815536245,-0.015275084480135516,3.782262771312439e-07,-1.9691494016621514e-07
528089246.191956,-0.35290172255697255,-0.015275044909884105,3.54110262834606e-07,-1.6595433841547214e-07
528089316.175966,-0.35290200864475085,-0.01527508009041135,3.488576548194011e-07,-2.0870968354437525e-07
528089386.159976,-0.3529022727608532,-0.01527506140076994,3.6558159932642553e-07,-1.97543053458496e-07
528089446.20797,-0.3529026072775074,-0.015275082069358745,2.7203660513119843e-07,-2.246253074187493e-07
528089506.169584,-0.3529027139571845,-0.015275096162522801,4.0598577411010695e-07,-2.4508491129442145e-07
528089566.217579,-0.3529029870579805,-0.015275042394471682,3.738644223094667e-07,-1.9765444507664764e-07
528089626.179153,-0.35290330641637846,-0.015274854576601077,2.951427053310418e-07,-1.6127093688256267e-08
528089867.148757,-0.35290417682938396,-0.015274970871517442,3.91827606305295e-07,-1.573201142985453e-07
528089927.196752,-0.3529044847050722,-0.015274792971780663,3.2495749852090583e-07,1.447021772023327e-08
528089987.158366,-0.3529046729412523,-0.015274930882654594,3.7738494035322034e-07,-1.2950349444207365e-07
528090047.20636,-0.3529050137744201,-0.015274833788223568,2.7756694775948887e-07,-3.8442831345325557e-08
528090107.167974,-0.3529051594013642,-0.01527490530108603,3.7261343782679646e-07,-1.1594306040946245e-07
528090167.215969,-0.35290549540865496,-0.015274815410308574,2.776313799968122e-07,-3.201052707450802e-08
528090227.177583,-0.3529058345809921,-0.0152747713510821,1.7914274252905926e-07,6.136691627078861e-09
528090287.225577,-0.35290602480473027,-0.015274761849314917,2.299547414152947e-07,9.755625479321295e-09
528090348.223959,-0.35290619606524376,-0.015274896210755133,3.0355042995866555e-07,-1.30543167347133e-07
528090408.185573,-0.35290650128630924,-0.015274845052613128,2.3902940698983244e-07,-8.518358586215302e-08
528090687.171185,-0.3529077351574708,-0.015274729368810774,1.2514821157161293e-07,4.014029025833921e-09
528090747.21918,-0.3529078070621779,-0.0152748675937796,2.9432373466198314e-07,-1.3980578904976282e-07
528090855.219157,-0.35290828436738264,-0.01527481956651943,2.506319439210536e-07,-1.0174693054060269e-07
528090915.180771,-0.3529085932503669,-0.015274777386839092,1.8250027772337418e-07,-6.504944645435717e-08
528090975.142385,-0.35290887300797363,-0.015274720904583748,1.435005894667718e-07,-1.401210873892833e-08
528091035.19038,-0.35290915642751536,-0.015274673400707421,1.0119253168738851e-07,2.807633504159357e-08
528091095.151953,-0.3529093661248509,-0.01527469260887497,1.3226650097397652e-07,3.4977751389719813e-09
528091156.150375,-0.352909561174439,-0.015274675903580698,1.821587315431472e-07,1.4777972373591908e-08
528091216.19837,-0.35290986889347414,-0.01527464990595111,1.1557216600399656e-07,3.5472595926594463e-08
528091276.159984,-0.35291017661250723,-0.015274623908335207,4.8645900641020035e-08,5.621199086064399e-08
528091336.207978,-0.35291044305641656,-0.01527457285502829,2.3348941058376482e-08,1.0203668179310788e-07
528091396.169552,-0.35291066007760924,-0.015274610019969886,4.7135045810886567e-08,5.968774585175807e-08
528091475.13915,-0.3529109584850939,-0.015274713478325066,6.588307177590735e-08,-5.054143900271035e-08
528091535.187185,-0.3529111611987504,-0.015274829778498457,1.0434154662508632e-07,-1.7194715593721321e-07
528091595.148759,-0.3529114950348264,-0.015274620350151829,1.1338125494031459e-08,3.2419995006291447e-08
528091724.143955,-0.3529120607099262,-0.015274541524622653,-3.6207360609719075e-08,1.0048256054995264e-07
528092768.201579,-0.3529165332224335,-0.015274466538645207,-3.136145933502199e-07,9.460936574966217e-08
528092828.163153,-0.35291666403142524,-0.01527444461392634,-2.034060190281295e-07,1.1222630559408475e-07
528092888.211188,-0.3529169111717663,-0.015274422375355525,-2.0917103038531337e-07,1.301872663648368e-07
528092948.172761,-0.35291708575382225,-0.015274450666748292,-1.4271497950080203e-07,9.76607187046924e-08
528093008.220756,-0.3529173536885156,-0.015274289054218343,-1.6925370388554128e-07,2.5506830648135137e-07
528093068.18237,-0.3529176705755336,-0.015274494929056847,-2.4508145457513564e-07,4.503080709532259e-08
528176785.203159,-0.35327965817811763,-0.01529774043817657,1.55541789337299e-07,-3.046488274323356e-08
528177184.19838,-0.35328151445330164,-0.01529789462026892,1.3801188414319654e-07,6.765743693591675e-08
528177244.159953,-0.3532818676056481,-0.01529807524832772,6.133257179907758e-08,-7.496191523764795e-08
528177338.163185,-0.3532822638564117,-0.015298075998076987,9.859155730707059e-08,-1.6076406216675165e-08
528177417.219163,-0.353282587380575,-0.015298069749595944,1.3971791640310371e-07,4.0370169840722725e-08
528177500.163151,-0.3532830375576573,-0.015298278883432593,7.219623043841494e-08,-1.1605244630910616e-07
528177560.211186,-0.35328337189840625,-0.015298242046445648,1.492787327084244e-08,-4.102643697510844e-08
528177620.17276,-0.35328353665575724,-0.0152982272296265,1.2688231038060493e-07,1.1948046756832253e-08
528177680.220754,-0.35328390378225466,-0.015298213675335754,3.6904903966128444e-08,6.373860587591262e-08
528177740.182368,-0.35328424328496677,-0.015298284683352285,-2.5808874037913654e-08,3.093537512439959e-08
528177860.191977,-0.3532847378929216,-0.015298355281264657,3.367578765844925e-08,3.6872452209568696e-08
528177981.151973,-0.3532852572973186,-0.015298410533679372,7.290918357938381e-08,5.8855739995186673e-08
528178041.199967,-0.3532855377229405,-0.015298584163639736,6.986614725645879e-08,-7.639706980054617e-08
528178135.203159,-0.3532860749310467,-0.015298511736356312,-3.302981549380135e-08,5.615505650584385e-08
528178195.164773,-0.3532863580160187,-0.015298558625454093,-3.903073503286336e-08,4.764732303326469e-08
528178255.212767,-0.3532867797293713,-0.015298564701074168,-1.832214993058301e-07,8.003144612647728e-08
528178315.174381,-0.35328705815623174,-0.015298676317680065,-1.8448558514183588e-07,6.8422574776155765e-09
528178549.145553,-0.35328813790224173,-0.015298696832502021,-1.823597080563566e-07,1.3649060031338534e-07
528178609.193587,-0.3532884544391347,-0.015298787675515181,-2.2113969960768642e-07,8.424243358277905e-08
528178669.155161,-0.35328850419999697,-0.015298814508619096,6.49635850669128e-09,9.597128041230474e-08
528178729.203156,-0.353288853354671,-0.01529887111019688,-6.48214955045745e-08,7.800988412708099e-08
528178789.16477,-0.3532891610681027,-0.01529884512974551,-9.505765558026624e-08,1.425974960767712e-07
528178849.212764,-0.35328948592459536,-0.01529888022386679,-1.4199686826366076e-07,1.4618869418822622e-07
528178909.174378,-0.3532897029397399,-0.015298917400714943,-8.145421076521941e-08,1.4766396998211473e-07
528179260.217576,-0.3532914117673141,-0.01529920500084387,-1.6451620837854009e-07,8.679866152910831e-08
528179321.215957,-0.3532917079978511,-0.01529918893789688,-1.7810609703738933e-07,1.4233718155162722e-07
528179381.177571,-0.3532919045442405,-0.0152992711099983,-9.677442769362443e-08,9.899189300742461e-08
528179441.139185,-0.35329215700450417,-0.015299204828746594,-7.131554702333176e-08,2.041219027016511e-07
528179501.18718,-0.3532925570844522,-0.01529927208177299,-1.9303471454623633e-07,1.757955368671127e-07
528179561.148754,-0.35329279856561535,-0.015299388290360524,-1.5651441787056797e-07,9.847943567564688e-08
528179621.196789,-0.3532931755119208,-0.01529941785405361,-2.550169564963234e-07,1.0788613439248473e-07
528179682.19517,-0.35329343180160244,-0.015299418075531134,-2.284135428576306e-07,1.472741143603712e-07
528179742.156784,-0.35329365780255,-0.015299420174709706,-1.7628772858158115e-07,1.8413301854786068e-07
528179802.204779,-0.35329404456884095,-0.015299492855937489,-2.844848694394386e-07,1.5048765197520075e-07
528180119.206358,-0.35329560943772564,-0.015299655901343074,-3.7805356362108355e-07,1.938748092119441e-07
528180179.167973,-0.35329573608490206,-0.015299661858424357,-2.262685356302363e-07,2.2703201218478297e-07
528180239.215967,-0.35329606194325863,-0.015299832672273504,-2.7325121598753555e-07,9.541003922683422e-08
528180299.177581,-0.3532963664933747,-0.015299760860603114,-2.9928442490945173e-07,2.0637836531216258e-07
528180359.139155,-0.3532966826942395,-0.015299736655707195,-3.3692611189906074e-07,2.6976097674755173e-07
528180419.18719,-0.3532970786142139,-0.015299831783456869,-4.5384260499714557e-07,2.1388850987569263e-07
528180479.148763,-0.35329732591795376,-0.015299867082866828,-4.225019307746436e-07,2.1780884781018306e-07
528180539.196758,-0.3532976351315669,-0.015299939969212037,-4.5262670733681176e-07,1.8421973917680246e-07
528264635.167935,-0.35373157812209033,-0.015360900245035683,-3.914097562729424e-08,-3.3571639038165735e-08
528264695.21593,-0.3537318335735207,-0.015360822287954014,3.518421876069766e-08,8.746924315752858e-08
528264815.225539,-0.35373258611161007,-0.015360840121210136,-5.818786880107396e-08,1.55705541852319e-07
528264875.187112,-0.3537331136517883,-0.015360991559705401,-2.5633885752940344e-07,4.725269074287719e-08
528265984.217548,-0.3537391362761103,-0.015361730138970462,-1.8136275969915516e-07,1.0146997608991015e-07
530414131.174417,-0.3625620083234297,-0.015327388740896055,6.802152419105312e-07,-1.7042866189663497e-07
530414249.19683,-0.3625625480432873,-0.015327457262376932,5.782900785455958e-07,-2.7072828910970625e-07
530414345.187217,-0.36256284286034995,-0.015327400268452477,6.394447507052092e-07,-2.396582401455183e-07
530414446.188802,-0.36256325706802855,-0.015327388959886773,5.996987880729776e-07,-2.55702522428472e-07
530414528.182402,-0.3625635367468865,-0.015327332883878329,6.239394547136179e-07,-2.2188878201316597e-07
530414752.217598,-0.3625644171227865,-0.015327247288686377,5.736575530712607e-07,-1.973831961019773e-07
530414853.219223,-0.36256486868767857,-0.015327137070500992,4.961704859196558e-07,-1.1483132972972543e-07
530414923.203193,-0.3625651303331902,-0.015327151119855909,4.936677875932993e-07,-1.480964238690513e-07
530414993.187203,-0.36256538897313945,-0.015327176856770278,4.941254693746622e-07,-1.9308658789907174e-07
530415063.171212,-0.36256568272045736,-0.015327193561831605,4.59430540278305e-07,-2.2908243197533595e-07
530415133.155222,-0.36256595026666283,-0.015327126716255976,4.508915802947655e-07,-1.8156520660041198e-07
530415203.139192,-0.36256618571105376,-0.015327057215003109,4.744092318986759e-07,-1.314298945839093e-07
530415531.200016,-0.3625675082106124,-0.015326990834100556,3.6523694046941557e-07,-1.5633215750231189e-07
530415601.184025,-0.36256771702943463,-0.015326932151541005,4.151258040652195e-07,-1.1723007008364317e-07
530415671.167995,-0.3625680834621521,-0.015326955954885634,3.073561918309764e-07,-1.6065170903474535e-07
530415741.152005,-0.3625682947516576,-0.015326922434224927,3.546855958380668e-07,-1.467872221272426e-07
530415811.222395,-0.36256859740522956,-0.015326846556908972,3.109258093769718e-07,-9.062831507825053e-08
530415881.206405,-0.36256882211790553,-0.015326865146813083,3.447435802383936e-07,-1.289502822836991e-07
530415951.190415,-0.36256914968201415,-0.01532683147930972,2.7566585453220327e-07,-1.1505281652737787e-07
530416021.174425,-0.36256929322745185,-0.015326841184251047,3.905628285227891e-07,-1.445658052798976e-07
530416091.158395,-0.36256965289336485,-0.015326810172476132,2.892953021582656e-07,-1.3340011225347614e-07
530416161.142404,-0.3625698999355001,-0.015326788290462053,3.0060791383901275e-07,-1.3140227248138736e-07
530416237.17442,-0.36257014633237017,-0.015326745738020555,3.348432528471612e-07,-1.1049559460983571e-07
530416307.15843,-0.36257043384773874,-0.015326670778658607,3.0559158420429e-07,-5.549997687467889e-08
530416377.1424,-0.36257066232159824,-0.015326755871378115,3.3533778248662216e-07,-1.6059462183172502e-07
530416447.21283,-0.3625709559584665,-0.015326715056809976,3.0019650210100224e-07,-1.3984498962830993e-07
530416529.206391,-0.36257136705007964,-0.015326657916436637,1.9153077229772109e-07,-1.0623249504550236e-07
530416599.190401,-0.3625716000237885,-0.01532656325349813,2.166398879177578e-07,-3.1692912853126254e-08
530416669.17441,-0.3625719579746339,-0.015326585270267,1.1672875999124699e-07,-7.38713820322423e-08
530416739.15842,-0.362572174205467,-0.015326602073493874,1.5849463963490962e-07,-1.1087469073585432e-07
530416809.14243,-0.3625724400366046,-0.015326588256601714,1.5061729985443861e-07,-1.172962983408965e-07
530416879.212821,-0.36257261621871734,-0.015326563767907388,2.3266447651826283e-07,-1.1310961009133869e-07
530416949.19683,-0.3625729317605215,-0.01532657685077267,1.7499086701899813e-07,-1.4650796888344975e-07
530417019.1808,-0.36257313445783945,-0.015326484023613985,2.3011896849167712e-07,-7.403482111915938e-08
530417089.16481,-0.3625733039835593,-0.015326462239591492,3.183762778968813e-07,-7.2643387132032e-08
530417159.14882,-0.36257372549272215,-0.015326468897465879,1.5460770125264034e-07,-9.973245314667811e-08
530417246.153618,-0.36257415408281607,-0.015326378481426463,4.638415668223317e-08,-3.477055297157472e-08
530417316.224009,-0.3625742981631214,-0.015326351337050254,1.6026755750297994e-07,-2.816944851338765e-08
530417386.208019,-0.3625746736124301,-0.01532634007812653,4.242178142099817e-08,-3.746721980238399e-08
530417456.192029,-0.3625749097020614,-0.015326291247625001,6.389364043402068e-08,-9.232175612536309e-09
530418958.169599,-0.36258053294248016,-0.015325796131013297,-4.158817801247494e-08,3.445558623485501e-08
530419028.153609,-0.36258083860158974,-0.015325708566723776,-9.060521566350843e-08,1.0054367493780858e-07
530419098.223999,-0.3625811901164917,-0.015325848328357126,-1.852011754510663e-07,-6.076040668170912e-08
530419168.208009,-0.3625814999613435,-0.015325732897569931,-2.384835601221269e-07,3.311475922467e-08
530419238.192019,-0.36258166583621315,-0.01532570213086811,-1.4783559915132471e-07,4.228609466229438e-08
530419308.176029,-0.3625819532412513,-0.015325569652154286,-1.787573491451866e-07,1.5312965792602107e-07
530419378.159998,-0.36258228156077116,-0.015325614175600763,-2.506331799323469e-07,8.693125006821456e-08
530419448.144008,-0.3625826013984839,-0.015325656912259256,-3.1406640826903143e-07,2.247975409118419e-08
530419518.214399,-0.36258284692947323,-0.015325478650141609,-3.029157678580141e-07,1.789602552277475e-07
530419638.224007,-0.3625833333975645,-0.015325568810462617,-3.498562101134084e-07,5.140150608796967e-08
530420193.171228,-0.36258534226024225,-0.015325302045219737,-3.2774372127342133e-07,1.4369623115711994e-07
530420263.155198,-0.3625856130325224,-0.015325338552627908,-3.4256309333624557e-07,8.500684184516161e-08
530420333.225629,-0.36258587875326687,-0.015325267216420121,-3.520529612832668e-07,1.3409322320578898e-07
530420403.209598,-0.36258616025742596,-0.01532521563282694,-3.776805209687595e-07,1.6341401345293383e-07
530420473.193608,-0.36258637036667074,-0.01532519829173561,-3.319510067933962e-07,1.584518426571424e-07
530420543.177618,-0.3625866714153142,-0.01532523296352386,-3.7719878903663684e-07,1.0143630622093391e-07
530420613.161628,-0.3625869407868641,-0.0153251706102572,-3.9080728359008887e-07,1.414052980038688e-07
530420683.145598,-0.3625872388299108,-0.01532521696960924,-4.331251346467724e-07,7.262111774777869e-08
530420753.216028,-0.36258745107899004,-0.01532505223086443,-3.8937078017386995e-07,2.1486664815439926e-07
530408574.185608,-0.36254048599599786,-0.01532899059413466,1.4329838546323082e-06,-3.931297422477692e-07
530408643.219191,-0.3625407277832286,-0.015329070276461545,1.4511743339218341e-06,-4.885648528761555e-07
530408833.212809,-0.36254142543167983,-0.01532906939230418,1.4687702061810803e-06,-5.312118743945604e-07
530408929.203196,-0.3625418316926434,-0.015329019446205593,1.4237248326387508e-06,-5.033575557686354e-07
530408999.187206,-0.36254218910924685,-0.015329078310802172,1.3295987530970166e-06,-5.783704081913088e-07
530409069.171216,-0.3625423911611539,-0.015328964812243653,1.3907851192374032e-06,-4.810553206804208e-07
530409139.155225,-0.36254264561579347,-0.015329018414831447,1.3995165662472608e-06,-5.50876613519824e-07
530424262.179212,-0.3626007714698872,-0.015323611836536338,-9.35943501090275e-07,4.758969948844005e-07
530424332.163222,-0.36260100154822406,-0.015323586382037034,-9.121396813416283e-07,4.767558926324633e-07
530424402.147192,-0.3626012965854277,-0.015323644429550398,-9.533279646811721e-07,3.940701016284104e-07
530424472.217622,-0.36260153095973446,-0.01532364862840966,-9.335728113346597e-07,3.6515971753997567e-07
530424542.201592,-0.36260178454787384,-0.01532356652311635,-9.333780118803148e-07,4.225411827530473e-07
530499982.188821,-0.3628474320396857,-0.0152759707674635,6.873787141703502e-07,-2.578119784792804e-07
530500052.17279,-0.36284765052122986,-0.015275897702106434,6.605262881653751e-07,-2.3904028564371294e-07
530500122.1568,-0.36284782487749995,-0.015275868729312388,6.777321637785327e-07,-2.6436255715252266e-07
530500192.14081,-0.3628480082516475,-0.01527580469430998,6.858532128339867e-07,-2.546239949770962e-07
530500278.195222,-0.3628483109053701,-0.015275728829986823,6.185760824117814e-07,-2.455260762253969e-07
530500348.179191,-0.36284851800759194,-0.0152757231847125,6.02820161677009e-07,-2.9418029569294735e-07
530500585.174406,-0.3628491873013218,-0.015275461730675333,5.810124781291393e-07,-2.1661761067173768e-07
530500655.158415,-0.36284944572147365,-0.015275372439156644,5.136480080714101e-07,-1.8163177193525337e-07
530500725.142425,-0.3628495837896196,-0.01527536867566384,5.665696350964922e-07,-2.321753803918164e-07
530500795.212816,-0.3628497314118678,-0.015275293000606266,6.101070024189248e-07,-2.1087588442623983e-07
530500865.196826,-0.36285003170414565,-0.015275249494203667,5.006730062206977e-07,-2.2167944568711462e-07
530500935.180795,-0.3628502132530698,-0.015275180967746646,5.099167529332149e-07,-2.0746436139862379e-07
530501005.164805,-0.3628503989886863,-0.015275084574971586,5.149085575695267e-07,-1.6538443877583964e-07
530501075.148815,-0.362850581182121,-0.015275036718961969,5.233773203716652e-07,-1.7184273732109845e-07
530501145.219205,-0.3628508397105662,-0.015275004947293266,4.556811976641484e-07,-1.9445388131644759e-07
530503296.147229,-0.3628570248367576,-0.015273182829280434,9.747132317938778e-08,-4.246748970711256e-08
530503366.217619,-0.3628571768622449,-0.015273194327660972,1.3428257533698584e-07,-1.0839993039302165e-07
530503436.201629,-0.36285735057403434,-0.015273144684684724,1.4911419482510624e-07,-1.1312569942953377e-07
530503595.177592,-0.3628579177681916,-0.015273013674609587,9.991940774778385e-09,-1.0562659640868388e-07
530503665.161602,-0.3628580694690015,-0.01527285261363067,4.6637586403885933e-08,1.0597021940506046e-09
530503735.145612,-0.3628582978294666,-0.01527288019645842,6.5636776569455435e-09,-8.089964661887883e-08
530503805.216002,-0.36285844609626644,-0.015272825192037032,4.675596521064307e-08,-8.034071890053451e-08
530503875.200012,-0.3628586954985589,-0.015272770963084365,-1.4479217214091733e-08,-8.049200876485141e-08
530503977.152024,-0.36285886534346173,-0.015272597297523113,8.96894695734396e-08,1.3949588654332823e-08
530504047.222415,-0.36285913890179,-0.015272507089188996,4.384426988135459e-09,4.9705912759032134e-08
530504117.206424,-0.36285931648047437,-0.015272581468890776,1.4767789546787924e-08,-7.906058297792173e-08
530504187.190394,-0.3628594568018839,-0.015272487827977068,6.234933758175742e-08,-3.980835682447503e-08
530504257.174404,-0.3628597508657896,-0.015272352657233895,-4.3870345356467055e-08,4.097173036954338e-08
530504327.158414,-0.3628599028912652,-0.015272364155677943,-8.110299487551487e-09,-2.4919320319033433e-08
530504397.142424,-0.3628600050992967,-0.015272291232452257,7.740863100513806e-08,-6.390665481179059e-09
530504467.212814,-0.3628603079694918,-0.015272330408274196,-3.7561419752307756e-08,-1.0003017786655577e-07
530504537.196824,-0.36286053128232,-0.01527225014747212,-7.32640513811944e-08,-7.416791835031245e-08
530504608.217601,-0.36286076286041047,-0.015272056634252884,-1.1451205572665657e-07,6.413882993640263e-08
530504722.179204,-0.36286107764631814,-0.015271991540725281,-1.2401458610034055e-07,4.0642408384930495e-08
530504792.163214,-0.36286130933262273,-0.015271855547318523,-1.6830180776805648e-07,1.2222990025852198e-07
530504862.147224,-0.3628614681227223,-0.01527192186123479,-1.3975044299563422e-07,1.5080127528654952e-09
530505019.222413,-0.3628618509736396,-0.015271661656307604,-1.0233299968520626e-07,1.3958973749811365e-07
530505089.206423,-0.3628619909751803,-0.015271719904390647,-5.517904155816211e-08,2.6926913742134073e-08
530505184.160002,-0.36286229899646666,-0.01527159999548621,-1.0936082300849748e-07,7.300307470516076e-08
530505254.144011,-0.3628624878463776,-0.015271549435453627,-1.1118939080567714e-07,6.914335436147834e-08
530505324.214402,-0.36286273714050005,-0.015271437686863284,-1.7328811735550786e-07,1.2640286545587132e-07
530505394.198412,-0.36286294595972196,-0.015271379013774957,-1.951992913418188e-07,1.306518796467121e-07
530505464.182422,-0.362863111942526,-0.015271405774019108,-1.7433044963155453e-07,4.946538021549651e-08
530505534.166391,-0.36286333171310536,-0.015271374050065657,-2.073057532858691e-07,2.676091433867489e-08
530505604.150401,-0.362863601084723,-0.01527131170823359,-2.8993810535782316e-07,3.4672083983403046e-08
530505674.220791,-0.3628637207924001,-0.01527120551004194,-2.2273211036649698e-07,8.637020007008778e-08
530505744.204801,-0.36286385939680826,-0.015271164897496258,-1.7470913815653688e-07,7.25476131287206e-08
530505814.188811,-0.3628640392287696,-0.015271149399698584,-1.6796941582075675e-07,3.360802176138877e-08
530505935.148807,-0.36286442347686604,-0.015270988055592847,-2.2987890452297322e-07,1.0085746432637877e-07
530506042.198397,-0.3628647387990822,-0.01527088611288739,-2.600693197463144e-07,1.1952067359606577e-07
530506125.142425,-0.3628650076344111,-0.015270860620468363,-3.0806785206172194e-07,8.048284569871222e-08
530506237.203214,-0.36286530631327774,-0.01527060321451657,-3.0850963433914913e-07,2.5070055730859464e-07
530506307.187223,-0.3628654674648548,-0.015270637170695506,-2.8347789404747914e-07,1.6229065772851992e-07
530506411.212811,-0.3628658440920987,-0.015270609749529597,-3.83459436481548e-07,1.0876635242289268e-07
530506481.196821,-0.36286603476724505,-0.015270563681121582,-3.88086676961219e-07,1.0037508922124128e-07
530506551.18079,-0.3628661502882024,-0.01527048534928722,-3.176140542793249e-07,1.2424486361094222e-07
530506621.1648,-0.36286637048693376,-0.015270359256288831,-3.518731741536385e-07,1.958733335562235e-07
530506691.14881,-0.3628665963776489,-0.015270361677447518,-3.9187821526676103e-07,1.3898519394400788e-07
530506761.2192,-0.3628668601654572,-0.015270228341394123,-4.6960481153712763e-07,2.1778456572342508e-07
530506831.20321,-0.3628669897519072,-0.015270222791100732,-4.1341310957898614e-07,1.6886292215391452e-07
530494472.201608,-0.3628312979992323,-0.01528056331671535,1.5124876049377178e-06,-5.798923955521035e-07
530494647.161593,-0.3628317742561355,-0.015280380288156972,1.5293702623764283e-06,-5.323312791041118e-07
530494765.184006,-0.3628321568953582,-0.015280329490219846,1.4791164370531185e-06,-5.729209103799704e-07
530494835.168016,-0.3628323632446397,-0.015280245654200013,1.4697596755208764e-06,-5.432772686875947e-07
530494905.152026,-0.36283253223359013,-0.015280260726256323,1.4976868626392914e-06,-6.125432465697855e-07
530510623.212817,-0.36287750532875707,-0.015267033816340094,-9.39171731217936e-07,4.0215484719934025e-07
530510693.196827,-0.36287771049761436,-0.015266966160677482,-9.613119508755652e-07,4.1517565050816496e-07
530510775.190428,-0.36287783192657735,-0.015267131382789782,-8.683623265448581e-07,1.8593871765199e-07
530510845.174398,-0.3628780996852197,-0.01526685514130825,-9.531923925165664e-07,4.0753791271178064e-07
530510915.158407,-0.36287832417897686,-0.015266758702204675,-9.948032985152011e-07,4.49331238605577e-07
530588491.212867,-0.3630544241757768,-0.015211543532881067,3.0798011213528653e-07,-1.082786463268981e-07
530588623.145646,-0.36305472736801936,-0.015211430828851433,2.567630730809789e-07,-5.988820337213263e-08
530588693.216036,-0.36305486317999885,-0.015211516947238962,2.547417529141782e-07,-1.8010328725615032e-07
530588763.200046,-0.3630550354982499,-0.015211368448879839,2.1602517119578835e-07,-6.561760280965334e-08
530588833.184056,-0.3630551712036338,-0.015211397047498798,2.138975912502339e-07,-1.2818695954708303e-07
530588903.168066,-0.36305536552963624,-0.01521135996779418,1.5312570456060826e-07,-1.2503608223281282e-07
530588973.152035,-0.3630553793799225,-0.015211317710151336,2.7280594505629807e-07,-1.1666536243321035e-07
530589043.222466,-0.3630555985067896,-0.015211265322246944,1.8735119911017506e-07,-9.816431158736483e-08
530589113.206436,-0.36305576191274636,-0.015211209405593167,1.5742925318917855e-07,-7.605084072909163e-08
530589183.190446,-0.36305589450524195,-0.01521119217175596,1.5829786687016068e-07,-9.257840142239127e-08
530589253.174455,-0.36305601915346003,-0.015211136301181167,1.6708795541608978e-07,-7.042744661414635e-08
530589596.182452,-0.36305678851320256,-0.015210949345757863,5.1416739976772874e-08,-4.813650158509708e-08
530589749.196871,-0.3630570451100302,-0.01521085557093739,8.625781572346725e-08,-2.7495166823876538e-08
530589819.18084,-0.36305723170491416,-0.01521089489409593,3.292328798476518e-08,-1.0020105305728888e-07
530589889.16485,-0.36305739618550825,-0.01521076527883313,1.6819420300961951e-09,-3.92701159611375e-09
530589959.14886,-0.36305743129305623,-0.015210756249623704,9.979263432269292e-08,-2.819752648215712e-08
530590029.21925,-0.36305769669118804,-0.015210836821568405,-3.224369687915285e-08,-1.4206875096137161e-07
530590099.20326,-0.36305781876386,-0.015210698269231564,-2.1139637040867854e-08,-3.673317834802792e-08
530590169.18727,-0.36305788522219795,-0.015210613707896413,4.555828231334047e-08,1.4652803893844268e-08
530590239.17124,-0.36305814621967897,-0.015210607106489358,-8.230331444147865e-08,-1.187974107801082e-08
530590309.15525,-0.3630582951314567,-0.015210572777086892,-9.80992511667722e-08,-1.0642956590686814e-08
530590461.219241,-0.36305840968613806,-0.01521062566711519,7.651686778631372e-08,-1.3529551325282274e-07
530590611.209656,-0.3630588374200794,-0.015210399572977401,-6.60799212570673e-08,2.0205496081837637e-08
530590785.219254,-0.36305917518258213,-0.015210314689279875,-7.315419092712716e-08,2.342850117728612e-08
530590855.203263,-0.363059350720326,-0.015210269543282749,-1.1572697611317295e-07,3.580352081651583e-08
530590925.187233,-0.3630594088036519,-0.01521024071431852,-4.086397359381877e-08,3.190261689718643e-08
530590995.171243,-0.363059645000254,-0.015210249421163016,-1.4413255033929318e-07,-9.493054356490838e-09
530591065.155253,-0.3630597532226493,-0.015210153126496274,-1.1944512173789334e-07,5.4153815919402715e-08
530591135.139263,-0.363059947548656,-0.015210116046928906,-1.808793290702937e-07,5.8626585803037146e-08
530591205.209653,-0.3630601941584842,-0.01521018855256034,-2.9445121180193823e-07,-4.648504442136825e-08
530591356.150456,-0.3630603671207026,-0.015210060724793886,-1.8089220499284409e-07,1.1244503692747765e-08
530591442.204867,-0.3630605691778647,-0.01520994724244202,-2.1963391738655247e-07,8.484755392029752e-08
530591512.188837,-0.3630607231341387,-0.015210020756915478,-2.407925294711788e-07,-2.105334063855213e-08
530591582.172847,-0.3630608390877028,-0.01520984805946529,-2.23965249346314e-07,1.192984709370154e-07
530591652.156857,-0.36306097049898284,-0.015209847004606527,-2.2261240195664556e-07,8.804846025368962e-08
530591740.198463,-0.3630611774940957,-0.015209783846320438,-2.626104480540903e-07,1.1062428295280369e-07
530591851.222444,-0.3630614088592873,-0.015209799748955406,-2.834224435699362e-07,4.36373571877785e-08
530591921.206453,-0.3630615782778798,-0.015209720457846802,-3.201395338270352e-07,9.078003698412274e-08
530591991.190463,-0.36306159567184604,-0.015209629663592513,-2.048478577876267e-07,1.4946647730954e-07
530592061.174433,-0.36306182821825095,-0.015209629387367436,-3.0472438200535024e-07,1.1767548994609522e-07
530592131.158443,-0.36306194395411295,-0.01520966609858232,-2.878057973609849e-07,4.8937595087394925e-08
530592201.142453,-0.3630620465947229,-0.015209498809456974,-2.5780729417945736e-07,1.8424055938000283e-07
530592271.212843,-0.3630622107511171,-0.015209521083189079,-2.8917604727451973e-07,1.2998174735677492e-07
530592341.196853,-0.36306237619526005,-0.015209584697823712,-3.220112354540561e-07,3.4461941552169084e-08
530592411.180863,-0.363062543682235,-0.015209443395392257,-3.569040620265973e-07,1.438996228356193e-07
530592481.164832,-0.36306264610510863,-0.015209485514921852,-3.267474957269201e-07,6.995575030192824e-08
530592582.166457,-0.3630629032393211,-0.015209354891008855,-3.9256705869350483e-07,1.547215650911371e-07
530592652.150467,-0.3630630529015081,-0.015209398751937851,-4.0968473652425175e-07,7.91348139031478e-08
530592792.204867,-0.36306330767328615,-0.015209300485790856,-3.992458493251583e-07,1.1403107467132523e-07
530592862.188837,-0.36306341471450343,-0.015209220370060183,-3.737842076967368e-07,1.6254177719401963e-07
530592932.172847,-0.3630636138719143,-0.015209176094876889,-4.404521867229505e-07,1.75252089770761e-07
530593002.156857,-0.3630639142709688,-0.015209190118123456,-6.083751374341695e-07,1.2970411504206747e-07
530593072.140867,-0.36306391180200626,-0.015209164956099547,-4.7344322534614847e-07,1.2338151959487287e-07
530593142.211257,-0.3630640448253255,-0.015209053353330988,-4.738531021453163e-07,2.0350095754524677e-07
530593212.195267,-0.3630641532608094,-0.015209072098284749,-4.49851437600568e-07,1.533515511902006e-07
530593313.196851,-0.3630643062536086,-0.01520895238307295,-4.1173191855925495e-07,2.278140873827883e-07
530593383.180861,-0.3630644595659626,-0.015209005227184406,-4.3263767968149125e-07,1.4366321230037393e-07
530593453.164831,-0.3630646556105469,-0.015208915119558923,-4.962879543435328e-07,2.0250401776104876e-07
530593523.148841,-0.36306485358673757,-0.015208887023287883,-5.61881793814667e-07,1.993733424396349e-07
530583036.176071,-0.36304311804160244,-0.01521461902109335,1.1054920325270778e-06,-3.920802997981615e-07
530583123.180869,-0.3630432626592166,-0.015214555037759592,1.130077278366226e-06,-3.7467578573036064e-07
530583193.164839,-0.3630434170462842,-0.015214534182724513,1.1117494794210536e-06,-3.912386338875834e-07
530583263.148849,-0.3630435693948798,-0.015214393796570655,1.0954227078197043e-06,-2.8822699306950417e-07
530583333.219239,-0.3630436802994983,-0.015214437703204043,1.1206703738331214e-06,-3.695108075855297e-07
530597416.160032,-0.3630727432297669,-0.015206927376228556,-1.1012757696882147e-06,4.837342386394133e-07
530597486.144042,-0.3630728328769624,-0.01520693805487619,-1.0589463325660908e-06,4.4403069474063805e-07
530597556.214432,-0.36307298114491404,-0.015206883055359988,-1.075077205703323e-06,4.7000742565625475e-07
530597626.198442,-0.36307300841473417,-0.015206892909247843,-9.70375130360246e-07,4.3120438450450216e-07
530597773.164855,-0.3630734661006284,-0.015206816871536332,-1.1509268076914658e-06,4.4657185740461236e-07
532912562.221268,-0.3664224385582423,-0.015180789669412179,6.930207364086449e-07,-3.495841151140988e-07
532912632.205237,-0.3664224498778563,-0.015180664739196421,7.37009395568311e-07,-2.1861251440873086e-07
532912702.189247,-0.36642259767539953,-0.01518070418278633,6.444979246400528e-07,-2.5205283865452344e-07
532912772.173257,-0.3664226187465921,-0.015180622384675909,6.786906490696687e-07,-1.6428963625809978e-07
532915588.208435,-0.36642534782593894,-0.015180718495277282,1.5588498580854093e-07,-5.265702189040378e-08
532915658.192445,-0.3664253987028688,-0.015180729245473961,1.5942810255298312e-07,-5.9062198225906526e-08
532915728.176455,-0.3664254380051312,-0.015180692371182736,1.745271441810914e-07,-1.788332009214355e-08
532915798.160465,-0.36642542414133283,-0.015180734620572778,2.4277358656732417e-07,-5.586861239262331e-08
532915868.144435,-0.3664254603484197,-0.015180651913491655,2.6093053479003814e-07,3.106201868462166e-08
532915938.214865,-0.366425495538444,-0.015180700420698998,2.80153178822129e-07,-1.3257097229019132e-08
532916008.198835,-0.3664256923897735,-0.015180746122174833,1.3762895340052594e-07,-5.4816331846938016e-08
532916095.203634,-0.36642578083086225,-0.01518077302393603,1.1670233440730371e-07,-7.66251924983613e-08
532916165.187643,-0.36642582488140374,-0.015180671438353052,1.269379227286649e-07,2.9011226369141108e-08
532916235.171653,-0.3664259103973185,-0.015180767543790698,9.568999298492642e-08,-6.30842151641553e-08
532916331.16204,-0.36642600841996176,-0.01518072254120012,7.207220265037506e-08,-1.2648023239858475e-08
532916401.14605,-0.36642610059225683,-0.015180815945959323,3.412518756462646e-08,-1.0213986867228797e-07
532916472.166868,-0.36642616278884604,-0.015180701765956369,2.693895512217992e-08,1.5969070347315872e-08
532916542.150837,-0.3664261834790296,-0.015180771852351104,6.04381034663426e-08,-5.0287139995511265e-08
532916612.221268,-0.3664262415633743,-0.015180743053846427,5.659230434273965e-08,-1.7694940405293957e-08
532916682.205237,-0.36642637888828344,-0.015180661176975259,-2.657861625232627e-08,6.792971728869501e-08
532916752.189247,-0.3664264968800787,-0.015180608072351363,-9.043392834584552e-08,1.2474087071265294e-07
532916822.173257,-0.36642641390830777,-0.015180594647723188,4.665687086680137e-08,1.4183071279753878e-07
532916892.157267,-0.36642644490108006,-0.015180671018200656,6.976575422923403e-08,6.908407566841301e-08
532916993.158852,-0.3664265430087208,-0.015180683533850192,4.9707672367116373e-08,6.172532948135745e-08
532917063.142861,-0.3664266684629245,-0.015180763435216566,-2.168697532667352e-08,-1.4653520169841117e-08
532917222.205245,-0.36642676046521805,-0.015180741803521487,9.115964982875369e-09,1.4829585098102838e-08
532917292.189255,-0.3664267997674848,-0.015180704929238176,2.3817628647115896e-08,5.509011902216088e-08
532917362.173265,-0.36642686815442066,-0.015180682414821994,9.41780220475863e-09,8.09490274429614e-08
532917432.157235,-0.366426962064813,-0.015180722793742286,-3.0522250560327535e-08,4.387278172875153e-08
532917502.141245,-0.3664270614445151,-0.015180776649807678,-7.594823936418749e-08,-6.7224804802673566e-09
532917572.211635,-0.36642717926632434,-0.015180608508733146,-1.3976634732904003e-07,1.6464141273063448e-07
532917642.195645,-0.3664272605849716,-0.015180732477452084,-1.6716437056807365e-07,4.3849524813260876e-08
532917712.179655,-0.36642721382030424,-0.015180636345744892,-6.649549089132734e-08,1.4311601599301116e-07
532917804.195651,-0.36642734236966573,-0.015180762079913227,-1.2419564648924464e-07,2.143942415440414e-08
532917874.179661,-0.36642737620262067,-0.015180711728490498,-1.0416206608354628e-07,7.482807801682811e-08
532917944.163671,-0.3664274628205934,-0.015180734137892754,-1.3692964512257433e-07,5.541366823735849e-08
532918014.147641,-0.36642753366666425,-0.015180736786068714,-1.5394141300584252e-07,5.571818592273181e-08
532918084.218071,-0.36642764445103365,-0.015180723230171828,-2.108409796197641e-07,7.218799081241956e-08
532918154.202041,-0.3664276627670589,-0.015180825672216137,-1.7535459767570316e-07,-2.7386180002572647e-08
532918224.186051,-0.36642772068142415,-0.01518068183726304,-1.794823413225899e-07,1.1927417656147632e-07
532918295.206869,-0.3664277563374864,-0.01518063597822308,-1.6057102336652918e-07,1.67956998618074e-07
532918364.154071,-0.366427816880966,-0.015180632342318472,-1.681557651456167e-07,1.7429228128112983e-07
532918463.16846,-0.36642793987601663,-0.015180687081123021,-2.1512372094800725e-07,1.2335760907374038e-07
532918533.15247,-0.36642796705259245,-0.015180639430381695,-1.8858253431064398e-07,1.7364555441115592e-07
532918603.22286,-0.36642805129641454,-0.015180694195437432,-2.190576980920511e-07,1.214780917038749e-07
532918673.20687,-0.36642813418319026,-0.015180650101854503,-2.482574071316357e-07,1.6812319340690773e-07
532918743.19084,-0.3664281991788766,-0.015180791157382491,-2.5958127541914067e-07,2.9576278735149453e-08
532918813.17485,-0.36642821104961165,-0.015180629379155666,-2.1779529935095354e-07,1.9382015790936347e-07
532918883.15886,-0.366428275324282,-0.015180692246249043,-2.2842831609581893e-07,1.3337569618361578e-07
532918953.142869,-0.3664284157443581,-0.015180656202211403,-3.1522171684006395e-07,1.7179928571246783e-07
532919023.21326,-0.36642843999574354,-0.015180677755144005,-2.857951603707498e-07,1.5258562433180523e-07
532919093.19727,-0.366428512664914,-0.015180684895712036,-3.0486738866741803e-07,1.4773822018185334e-07
532919213.206838,-0.3664285846980542,-0.01518067136607709,-2.850259983033787e-07,1.6509948724992285e-07
532919283.190848,-0.36642871892781187,-0.015180543656466133,-3.6569864059199375e-07,2.94984695687478e-07
532919353.174858,-0.36642867424121295,-0.015180624571823648,-2.6746944936650863e-07,2.1620152104717683e-07
532919423.158868,-0.36642883590249564,-0.015180621766169647,-3.7560258336899466e-07,2.2109588469765296e-07
532919493.142837,-0.36642892743871996,-0.015180694500762607,-4.136250555952792e-07,1.5040646821062875e-07
532919563.213268,-0.3664288952588985,-0.015180634308097133,-3.2787968062830686e-07,2.1260316551349745e-07
532919633.197238,-0.3664289987508528,-0.015180602782696855,-3.7788639312141825e-07,2.4608644831440596e-07
532919703.181247,-0.3664290089684608,-0.015180551548552194,-3.3463285853407854e-07,2.9923476846036023e-07
532919773.165257,-0.3664291574869346,-0.01518066918072219,-4.2969423985628197e-07,1.8347300695907565e-07
532919843.149267,-0.3664292263399381,-0.01518055230007392,-4.451041234476705e-07,3.0218023789121973e-07
532919948.211662,-0.36642927857388563,-0.015180661908939507,-4.1713348958305474e-07,1.9523109030632202e-07
532920112.198864,-0.36642938791624,-0.015180491976203175,-4.0135005430208537e-07,3.6911712677015207e-07
532920182.182834,-0.36642954181903614,-0.015180565567296706,-5.018763503117363e-07,2.971394710664377e-07
532920252.166843,-0.36642962313764094,-0.015180689536042584,-5.298319449842381e-07,1.7473999456944778e-07
532920322.150853,-0.3664296508652729,-0.015180605037282746,-5.042100086893875e-07,2.607637953899733e-07
532920392.221244,-0.3664296332702757,-0.015180580783668695,-4.3321298481835413e-07,2.864999639647092e-07
532998610.141303,-0.3664710113464051,-0.015153176889477945,7.364632239603708e-07,-2.3733108458177943e-07
532998680.211693,-0.3664710296616416,-0.015153279331668332,7.232939359669288e-07,-3.8387575752342473e-07
532998762.205294,-0.3664710748156969,-0.015153104050318382,6.840783238759585e-07,-2.602290334816071e-07
532998848.173285,-0.36647099659277177,-0.015153025913832913,7.68431437037087e-07,-2.362620409035454e-07
532998918.157294,-0.3664710855850417,-0.015153015968199323,6.843570707903979e-07,-2.70438426907757e-07
532998988.141304,-0.36647108249023447,-0.015152970135379052,6.923048290752298e-07,-2.687493888212794e-07
532999058.211695,-0.3664711290851063,-0.015152951230941718,6.505039355508835e-07,-2.940650359710417e-07
532999128.195705,-0.3664711536340733,-0.015152763381279579,6.306782651677167e-07,-1.5040274736928538e-07
532999198.179674,-0.3664710519648479,-0.015152799398392959,7.370061631539748e-07,-2.3062901131215563e-07
532999268.163684,-0.36647119548013896,-0.015152809188115776,5.9808503671821e-07,-2.8464972721964354e-07
532999338.147694,-0.36647110877773553,-0.015152729259867275,6.893172052047092e-07,-2.4897430279079147e-07
532999408.218084,-0.3664711370573793,-0.01515260791323825,6.655085098561386e-07,-1.7195700352697074e-07
532999478.202094,-0.36647122066497834,-0.015152642008666428,5.863021308449845e-07,-2.50348987240398e-07
532999578.166911,-0.3664712532266296,-0.015152550317041071,5.599160759484079e-07,-2.219682852765137e-07
532999648.150881,-0.3664713059265792,-0.01515256556000282,5.11461960894799e-07,-2.815609211805764e-07
533000994.176491,-0.36647145021025296,-0.01515145014744353,4.365601878331127e-07,-2.3422387879917794e-08
533001064.1605,-0.3664715296203778,-0.015151512106119019,3.601270945896573e-07,-1.3017715109683858e-07
533001134.14451,-0.3664715331819923,-0.015151463572663514,3.594810107365731e-07,-1.264620235301439e-07
533001204.214901,-0.36647153848215247,-0.015151362013357643,3.5703847950374623e-07,-6.979866306461302e-08
533001274.198911,-0.36647161424613695,-0.015151414987244916,2.840672914672382e-07,-1.6763543796496916e-07
533001344.18288,-0.3664716074206802,-0.015151302651387193,2.9362438580537997e-07,-1.001847342793627e-07
533001414.16689,-0.36647168411830716,-0.015151166892719345,2.1959735574395012e-07,-9.333557491122968e-09
533001484.1509,-0.3664716291284629,-0.0151512415236367,2.7719686951366285e-07,-1.2889429493179172e-07
533001554.22129,-0.36647165867986425,-0.01515116151743414,2.5019743343790424e-07,-9.389575707924314e-08
533001624.2053,-0.36647166113879653,-0.015151186680042714,2.502265856185737e-07,-1.6403292595057462e-07
533001698.1637,-0.3664716531261375,-0.01515109052200299,2.608027890871334e-07,-1.154278777715928e-07
533001787.155694,-0.3664716838647458,-0.015150994337982154,2.3305932567163623e-07,-7.649615805724319e-08
533001963.152486,-0.36647171150856267,-0.0151508523211386,2.1105198511062184e-07,-4.7812284622791856e-08
533002034.173304,-0.36647170175735655,-0.01515080918894931,2.229701009937024e-07,-5.045411901639929e-08
533002104.157273,-0.36647175492413797,-0.01515073006563735,1.7187824319364609e-07,-1.645922605847394e-08
533002174.141283,-0.3664717627677568,-0.015150711187185672,1.6604975783263143e-07,-4.2731732907350106e-08
533002258.2085,-0.3664717069730084,-0.01515065011139629,2.2418626688391896e-07,-3.592263066870549e-08
533002341.152488,-0.366471788121683,-0.015150659044225396,1.452638677124085e-07,-9.842898272653666e-08
533002411.222878,-0.36647180618333614,-0.01515058893168418,1.290179290069915e-07,-7.359961982922325e-08
533002481.206888,-0.36647181941164464,-0.015150526012171851,1.1754377543526928e-07,-5.593007460641397e-08
533002551.190898,-0.36647177930413694,-0.0151504271794778,1.5934626951263908e-07,-2.3699657913239802e-09
533002621.174908,-0.36647181996299,-0.015150489164139394,1.2032334972822412e-07,-1.096498502915072e-07
533002691.158877,-0.366471807668342,-0.015150363351093576,1.3419499289568648e-07,-2.915465838713993e-08
533002761.142887,-0.3664718420530989,-0.01515027615186274,1.013284104955936e-07,1.270401469612159e-08
533002831.213278,-0.36647185655313275,-0.015150254572777648,8.82896105669495e-08,-1.1136161453054183e-08
533002928.154092,-0.3664719649633217,-0.015150273373291142,-1.819580808248844e-08,-9.281075644303194e-08
533002998.224482,-0.3664719840431623,-0.015150072046438099,-3.5954216104361336e-08,6.304252169429814e-08
533003068.208492,-0.3664718316660348,-0.015150212349458831,1.1768436508630131e-07,-1.227007958969767e-07
533003139.142889,-0.3664720057509591,-0.015150010918687321,-5.5181363090017754e-08,3.264934408074571e-08
533003208.176512,-0.3664719105690812,-0.015149929198660386,4.11297482738604e-08,6.950102908465094e-08
533003279.197289,-0.3664719856972081,-0.015149961502339203,-3.289550032370414e-08,-8.985720655399487e-09
533003349.181299,-0.3664720225408997,-0.015149899465718274,-6.871069174740896e-08,7.518995804450812e-09
533003419.165309,-0.36647192727451255,-0.015149760227443021,2.7526462553773e-08,1.012024975488579e-07
533003489.149278,-0.3664720387794931,-0.015149824860781856,-8.306536913860185e-08,-9.0084778404248e-09
533003559.219709,-0.36647198107716933,-0.015149701774346309,-2.4506376816724185e-08,6.84210587787587e-08
533003724.157298,-0.3664719608544011,-0.015149537321502995,-2.493985629126172e-09,1.2531212816024873e-07
533003794.141307,-0.3664720626926915,-0.015149616340899152,-1.0366887520651957e-07,6.150701285095872e-10
533003864.211698,-0.3664721357442262,-0.015149471597443079,-1.7611329389266572e-07,9.960143874943039e-08
533003934.195708,-0.3664720660007962,-0.015149395252699935,-1.058204139314789e-07,1.3022246441417307e-07
533004004.179677,-0.36647207931362363,-0.01514938985143432,-1.1864055865506984e-07,8.987699451866449e-08
533004074.163687,-0.3664722379648526,-0.01514939873231408,-2.768557560983709e-07,3.522628571998865e-08
533004144.147697,-0.366472096823939,-0.015149356586925964,-1.3533534715115536e-07,3.157875704505597e-08
533004214.218087,-0.3664720475165968,-0.015149177774002797,-8.570456649925617e-08,1.6451908981841845e-07
533004284.202097,-0.36647201440353944,-0.015149306313662963,-5.232480959627139e-08,-9.859755905824996e-09
533004354.186107,-0.36647211115496486,-0.015149219971345674,-1.4886572585748326e-07,3.062022323370439e-08
533004451.213302,-0.3664721437166724,-0.015149128279719211,-1.8122831896283387e-07,5.868906887557257e-08
533004521.197312,-0.3664721828502904,-0.015148976369212608,-2.202850559185343e-07,1.6468189781813913e-07
533004591.181281,-0.36647223181961236,-0.015148925109145237,-2.692332974896239e-07,1.7000108830898808e-07
533004661.165291,-0.36647223974774157,-0.015148963748941166,-2.771960316838573e-07,8.539714056211845e-08
533004731.149301,-0.36647219417104604,-0.015148851439054816,-2.3170951207740487e-07,1.5171960504080373e-07
533004801.219691,-0.36647233348889535,-0.015148889092050928,-3.711732072253504e-07,6.799909068461174e-08
533004871.203701,-0.3664721674608848,-0.015148804723337876,-2.0534623812462627e-07,1.0633374739228707e-07
533004942.224479,-0.3664722092224393,-0.015148793011936886,-2.473682717551995e-07,7.130526996981801e-08
533005035.190903,-0.36647220375323586,-0.015148779534750492,-2.4232578899052726e-07,2.3563449611657683e-08
533005105.174913,-0.36647223741765983,-0.015148614147056438,-2.7637544025571614e-07,1.42838983575172e-07
533005175.158882,-0.3664722465329984,-0.015148636609033895,-2.8593085005246266e-07,7.424146317679126e-08
533005245.142892,-0.3664722069768645,-0.015148500928298963,-2.4686951771712984e-07,1.6376319593273958e-07
533005315.213282,-0.36647220015144943,-0.015148388592434283,-2.405942317595944e-07,2.2985958725123268e-07
533005385.197292,-0.3664722087154323,-0.015148447902445662,-2.497622011987666e-07,1.2434361326002508e-07
533005554.195692,-0.3664722715489448,-0.015148354393079431,-3.1427825347707383e-07,1.0617721996238061e-07
533005624.179702,-0.3664723537158502,-0.015148232111600728,-3.97234401428026e-07,1.8217239831745669e-07
533005694.163711,-0.366472289526125,-0.015148226762288119,-3.338879188685695e-07,1.41211835436722e-07
533005764.147681,-0.36647235435170633,-0.015148252781815159,-3.996106290871104e-07,6.885886042959366e-08
533005834.218112,-0.36647239903904594,-0.015148171866743046,-4.452500790286251e-07,1.0335957796071826e-07
533005904.202081,-0.36647232191885337,-0.01514802003416288,-3.691345155099057e-07,2.0881141732202735e-07
533084555.158898,-0.3664378197640468,-0.015086535456155311,7.203178028492019e-07,-4.18447282343401e-07
533084625.142908,-0.3664378552523415,-0.01508637456043499,6.182527003129046e-07,-3.0946330381587117e-07
533084695.213298,-0.3664378102270727,-0.015086225402490371,5.96564251220677e-07,-2.122569664354118e-07
533084873.197286,-0.36643756550737905,-0.015086157264601534,6.715809801050021e-07,-2.759711506365725e-07
533084943.181296,-0.3664375157330217,-0.015086072818059678,6.545315104355964e-07,-2.433265952582475e-07
533085032.173289,-0.36643737102918655,-0.015086079206826622,7.14183999439566e-07,-3.155521564410929e-07
533085102.157299,-0.3664373151498188,-0.015085960612859743,7.031172815086251e-07,-2.487053678817269e-07
533085172.141309,-0.3664373071374157,-0.015085864454699673,6.441300360870983e-07,-2.042702711996941e-07
533085242.211699,-0.3664372247164479,-0.015085814181748734,6.594151557570704e-07,-2.057600727890796e-07
533085313.146096,-0.3664371798598247,-0.015085780060485476,6.362537398607593e-07,-2.2401521829716609e-07
533085383.216487,-0.3664371065542044,-0.015085752249505716,6.423162594026977e-07,-2.47918385057333e-07
533085453.200497,-0.36643710100066956,-0.015085681253983789,5.806566292787529e-07,-2.2854916058995256e-07
533085523.184507,-0.3664371711272985,-0.015085605713740404,4.4326406700712084e-07,-2.0461114103205447e-07
533085593.168476,-0.36643703189266313,-0.015085625579696105,5.151801991676308e-07,-2.76055225168631e-07
533085663.152486,-0.36643692157416935,-0.015085544768935678,5.58127699834543e-07,-2.467985675061457e-07
533085757.155678,-0.36643682083817153,-0.015085392053709623,5.682880724888761e-07,-1.6329346441690262e-07
533087042.182906,-0.3664357409313959,-0.015084354755609427,4.0076570645419807e-07,-6.776293614771389e-08
533087112.166876,-0.36643569314874547,-0.015084389838154815,3.801273963377483e-07,-1.5390378933950732e-07
533087182.150885,-0.36643562950993397,-0.015084347641060423,3.7529624408172424e-07,-1.627412122267441e-07
533087252.221276,-0.366435582194429,-0.015084288357167332,3.5400837855581457e-07,-1.5453097865908427e-07
533087322.205286,-0.36643555611997,-0.01508426231175319,3.115153685007144e-07,-1.7947245389490774e-07
533087392.189296,-0.366435400309015,-0.015084126709514185,3.9871037521566066e-07,-9.483332395580912e-08
533087462.173305,-0.3664354836643022,-0.015083988249565477,2.466908238241139e-07,-7.31271688168833e-09
533087532.157275,-0.366435454663826,-0.015084031407952416,2.0697891922605294e-07,-1.0138666381095951e-07
533087602.141285,-0.36643536202453497,-0.01508403236924741,2.3085779760068093e-07,-1.532398077614544e-07
533087672.211675,-0.3664352795192162,-0.015083924577973726,2.4446991520044037e-07,-9.637942780318931e-08
533087743.146113,-0.3664352620086365,-0.015083957842625716,1.921890892542244e-07,-1.8117879717512164e-07
533087813.216503,-0.3664351843367289,-0.015083842858288248,2.00871801525615e-07,-1.1707753279528721e-07
533087883.200513,-0.3664351242597269,-0.015083752127641927,1.9199728551466677e-07,-7.714353380747219e-08
533087953.184482,-0.3664349583991151,-0.015083782796325365,2.888592419703073e-07,-1.5858516531387645e-07
533088023.168492,-0.36643504421327444,-0.015083669499009435,1.3399937148772523e-07,-9.603717146186574e-08
533088093.152502,-0.3664349526769246,-0.015083596764113777,1.5644315742857628e-07,-7.402795701438869e-08
533088163.222893,-0.36643483816078,-0.01508354381669229,2.017346811822307e-07,-7.184515758880405e-08
533088233.206902,-0.36643486406658976,-0.015083454825417019,1.0664303379259721e-07,-3.3532296005861495e-08
533088303.190912,-0.3664347707914919,-0.015083435116473812,1.3068592896736675e-07,-6.447817069502038e-08
533088457.155678,-0.3664345997601526,-0.015083242904854815,1.492440777073334e-07,1.6375874252114175e-08
533088568.179698,-0.3664345889903804,-0.01508333098718188,4.992761820643565e-08,-1.5193568584856432e-07
533088638.163708,-0.36643450220311136,-0.015083193540881784,6.726302026471842e-08,-6.503147226798178e-08
533088708.147678,-0.36643442397972154,-0.015083115404648646,7.598916090811869e-08,-3.741378958380115e-08
533088778.218108,-0.3664343706435217,-0.015083079491679774,5.96969100818967e-08,-5.205824784616786e-08
533088848.202078,-0.36643428631511865,-0.015082967208021346,7.443765309700368e-08,9.753856312910703e-09
533088918.186088,-0.3664342196659509,-0.015082936696396841,7.145418812193327e-08,-1.0182642860845359e-08
533088988.170098,-0.36643419889204665,-0.015082809091477507,2.2550689815492575e-08,6.699759604218702e-08
533089058.154108,-0.36643415721439515,-0.015082878321461907,-5.493668520095696e-09,-5.263364175056573e-08
533089198.208508,-0.3664340165394453,-0.015082741810297394,-4.4821013012175115e-09,-1.6916906262973153e-08
533089492.141293,-0.36643363097599385,-0.015082422124687276,8.739621798481423e-08,9.15352631157551e-08
533089562.211683,-0.3664337053845998,-0.015082376239434678,-5.713728701284282e-08,8.71254849064973e-08
533089632.195693,-0.3664336793944592,-0.01508240771237166,-1.0122889598784823e-07,5.442821769674477e-09
533089702.179703,-0.3664335702631777,-0.015082310723803914,-6.222247223020005e-08,5.224493474648151e-08
533090379.210109,-0.3664330384711866,-0.015081783531539347,-2.1101649133603573e-07,9.512773566956734e-08
533090449.194078,-0.36643291017489116,-0.015081830351940318,-1.532950207328021e-07,-1.6318030156281527e-09
533090519.178088,-0.3664329481220783,-0.015081694618813108,-2.618582852220719e-07,8.418521783501443e-08
533090659.146108,-0.3664327505490726,-0.01508157072827036,-2.0564041941506517e-07,1.0831265547309177e-07
533090761.1845,-0.3664326396790301,-0.015081526765668932,-1.9792273553420614e-07,7.96047388527954e-08
533090831.16851,-0.36643261424035917,-0.015081521390510211,-2.432818913544743e-07,3.5166368050204566e-08
533090914.198878,-0.36643259829986163,-0.015081386592523293,-3.1138958112020276e-07,1.1089440581438237e-07
533090984.182888,-0.36643251761757767,-0.015081283293666934,-3.0159308667121465e-07,1.644299031846458e-07
533091054.166898,-0.3664324050087868,-0.015081292357023084,-2.5991005925263266e-07,1.0562610393630156e-07
533091124.150908,-0.36643228994112487,-0.015081276257740741,-2.1580797349152192e-07,7.200783953310863e-08
533091194.221298,-0.3664322868464536,-0.015081230424853662,-2.838061944898662e-07,6.808473417517502e-08
533091334.189278,-0.36643218793344956,-0.015081082202068634,-3.2702201030465616e-07,1.1698681865075777e-07
533091415.146111,-0.36643212001266046,-0.0150810103499686,-3.413794720241725e-07,1.3143395812161007e-07
533091485.216501,-0.36643202109965406,-0.015080862127185023,-3.1372270170582084e-07,2.2999578035490242e-07
533091555.200511,-0.36643200176599383,-0.015080890899455433,-3.6559628047161397e-07,1.5164655895599788e-07
533091625.184481,-0.36643196784776144,-0.015080883732580468,-4.02923906461794e-07,1.0925926715102396e-07
533091695.168491,-0.3664318881840868,-0.015080649219178874,-3.9454463007793095e-07,2.9424120981044743e-07
533091765.152501,-0.3664317895240573,-0.015080673551443493,-3.6720733803674577e-07,2.2040020230922053e-07
533091835.222891,-0.36643171621837606,-0.015080645740515833,-3.653506759904168e-07,1.9866401777812737e-07
533091905.206901,-0.3664316290482478,-0.015080660179040431,-3.495795296570847e-07,1.3476215042496076e-07
533091975.190911,-0.3664316506721244,-0.015080541532711553,-4.426402464008383e-07,2.0396779264707232e-07
533092045.17488,-0.3664315622303964,-0.015080514630741735,-4.256730156693145e-07,1.8145174012461351e-07
533092115.15889,-0.366431494393927,-0.015080500296996122,-4.2934862426458054e-07,1.4639004977320957e-07
533092185.1429,-0.36643144160917485,-0.015080427535945186,-4.481133294431672e-07,1.6977825956047965e-07
533092255.21329,-0.36643133065478223,-0.015080326055013884,-4.088339953800535e-07,2.2184802592542519e-07
533092325.1973,-0.3664314214710586,-0.015080320601271662,-5.712740557273221e-07,1.7797408332145825e-07
533092395.18131,-0.36643138136348113,-0.015080221768623179,-6.028271638536253e-07,2.2750158050997837e-07
533092484.173304,-0.3664310524837503,-0.015080156384019511,-3.6512454182346943e-07,2.302220356402429e-07
533092660.170096,-0.366430947634367,-0.015080089050520265,-4.407670469719349e-07,1.7373355110962552e-07
533092730.154106,-0.3664309135474719,-0.01507996684695065,-4.785152663000503e-07,2.467395376053866e-07
533092800.224496,-0.36643095174765367,-0.015080003668854315,-5.886752777461979e-07,1.6068178232235553e-07
533092870.208506,-0.366430875898763,-0.015079893176944362,-5.847333562347679e-07,2.2202094307130493e-07
533092940.192476,-0.36643081463444604,-0.015079818624179352,-5.954116357731465e-07,2.4744335873697065e-07
533093010.176486,-0.3664307158900744,-0.015079785438109717,-5.686454129794072e-07,2.315214016161693e-07
533093080.160496,-0.3664306389382373,-0.015079748642406837,-5.63707078016229e-07,2.1923140765614524e-07
533093150.144506,-0.36643056673548585,-0.015079647135285718,-5.635530255232446e-07,2.716751405333617e-07
533093220.214896,-0.3664306012051968,-0.015079617454051604,-6.701954679555477e-07,2.5225475743136105e-07
533170962.157331,-0.366337301829932,-0.015042925094244935,7.83765077727594e-07,-2.805721150463819e-07
533171315.187724,-0.36633705829455576,-0.015042840781996804,5.509743716269888e-07,-2.4243557817001105e-07
533171385.171734,-0.3663368712757858,-0.015042895733366634,6.435675417026943e-07,-3.063834866246645e-07
533171454.205316,-0.3663368191260346,-0.015042843643215847,6.025745432625129e-07,-2.6311681511868856e-07
533171534.211722,-0.36633672813959095,-0.015042734061368737,5.85614111203725e-07,-1.6369776239220923e-07
533171605.146119,-0.3663366543665192,-0.015042800618041082,5.636814560117109e-07,-2.392081860334849e-07
533171675.21655,-0.3663365453182938,-0.015042761149329058,5.781906819435356e-07,-2.0853191522868242e-07
533171745.200519,-0.3663364823992275,-0.015042797141811807,5.466886205396371e-07,-2.5325419242099023e-07
533171815.184529,-0.36633637462287544,-0.01504279901364462,5.600451796761163e-07,-2.6380409993628784e-07
533171885.168539,-0.3663362485306577,-0.015042698443296816,5.917191675530731e-07,-1.7186014373421488e-07
533171955.152549,-0.366336173485712,-0.015042723659432444,5.723476196872745e-07,-2.0565102893874143e-07
533173497.219743,-0.36633434807183246,-0.015042428339774582,3.1812952749898926e-07,-8.625348262188137e-08
533173583.187734,-0.36633428816305924,-0.015042452646755355,2.621667457569643e-07,-1.1963996188191217e-07
533173668.205337,-0.3663341853048114,-0.015042504843914227,2.5044327173207037e-07,-1.807411862380509e-07
533173882.218137,-0.3663338823271111,-0.015042350472153004,2.650282068805687e-07,-4.8453539330112205e-08
533173968.186128,-0.3663338242414552,-0.015042379271511926,2.0728517485801845e-07,-8.599128138025991e-08
533174068.150945,-0.3663337017954279,-0.015042287685957228,1.9505711484901767e-07,-4.471367226130396e-09
533174156.192552,-0.36633357413417383,-0.015042355178605008,2.0411952944554557e-07,-8.074416250371252e-08
533174226.176521,-0.36633350447386537,-0.015042336353452508,1.7951437270014026e-07,-6.884164402594373e-08
533174296.160531,-0.3663334234083243,-0.015042384940668624,1.6632197297195006e-07,-1.2430135160577949e-07
533174366.144541,-0.3663334123849025,-0.0150423004679854,8.309520865834585e-08,-4.66510603671505e-08
533174448.224522,-0.3663332616590512,-0.015042330230052697,1.2329087717422027e-07,-8.435092341795014e-08
533174798.144531,-0.3663328735877384,-0.015042367345858768,4.0283451019362815e-08,-1.545362337349726e-07
533174868.214922,-0.36633270217163333,-0.01504232702155803,1.1739388083853441e-07,-1.2068432917247685e-07
533174939.149319,-0.3663326336984935,-0.015042292018516633,9.040788723213566e-08,-9.218273981821679e-08
533175009.219749,-0.36633257688472814,-0.015042362158429955,5.293463828381917e-08,-1.686948345892142e-07
533175079.203719,-0.3663325015856232,-0.015042214819284966,3.40726160619198e-08,-2.7670372377067154e-08
533175175.194146,-0.366332306002453,-0.015042210460749383,1.0051966486956943e-07,-3.1892502749819585e-08
533175407.178122,-0.3663320424126451,-0.015042076732572197,5.209915721060554e-08,8.148256879121629e-08
533175523.21334,-0.36633195952398295,-0.015042120827433636,-2.1032445618462958e-08,2.741081181999172e-08
533175593.19735,-0.36633180998529496,-0.0150421344116359,3.442049462121233e-08,7.874726348430783e-09
533175663.18132,-0.3663318046006572,-0.015042178452957631,-5.42695611782662e-08,-4.206928549792266e-08
533175733.16533,-0.366331743971214,-0.015042124571248358,-8.770369036570358e-08,5.958869245259457e-09
533175803.14934,-0.3663316326333111,-0.015042174976853681,-7.041800986762325e-08,-5.0251201874976226e-08
533175873.21973,-0.36633157327575927,-0.015042162435689736,-1.0521722215717233e-07,-4.347253929407047e-08
533175943.20374,-0.36633148538424326,-0.01504209868682505,-1.1135469135670206e-07,1.4569944912015687e-08
533176013.18775,-0.36633143149604985,-0.015042099622781992,-1.514836101002004e-07,7.976543679039105e-09
533176083.171719,-0.36633118605268755,-0.015041953299929018,-4.525707586466865e-11,1.4869084036771285e-07
533176256.144549,-0.36633106076577177,-0.015041988436830148,-1.0704892955404333e-07,9.99011951913209e-08
533176326.214939,-0.36633093365573655,-0.015042019081360589,-7.401675050644485e-08,6.38107330447335e-08
533176396.198949,-0.3663309548125002,-0.015041994801124807,-1.8912256077863177e-07,8.270043569576224e-08
533176466.182919,-0.3663308657338052,-0.015041947230166318,-1.9397985884239688e-07,1.2492946750534972e-07
533176536.166929,-0.3663307477393674,-0.015042000336566485,-1.6990829426744014e-07,6.652968893676448e-08
533176606.150939,-0.36633072840572406,-0.015042029109176068,-2.4448417706990355e-07,3.251220037810143e-08
533176676.221329,-0.3663306562863286,-0.015041985121408124,-2.663766727750705e-07,7.129715303214046e-08
533176746.205339,-0.3663305817925898,-0.015041973489438644,-2.857652285359613e-07,7.778114602223496e-08
533176816.189349,-0.36633040562776753,-0.015041997876790718,-2.0346883333743904e-07,4.82941603444087e-08
533176955.206941,-0.36633026338154706,-0.015042029430521171,-2.476428581088541e-07,6.753604080492193e-09
533177025.190951,-0.3663301754900156,-0.01504196568167303,-2.5357730981667714e-07,6.554687849262553e-08
533177095.174921,-0.36633006160830883,-0.015041933406217917,-2.3350697547774857e-07,9.291489603754921e-08
533177165.15893,-0.3663299605731738,-0.015041990095818258,-2.262685359633032e-07,3.136593567168444e-08
533177262.186125,-0.36632980857539976,-0.015041978517421437,-2.0428764119229115e-07,3.628666163379979e-08
533177332.170135,-0.3663297587151964,-0.015041836553081125,-2.481882874216801e-07,1.7350616852984668e-07
533177402.154145,-0.36632957780168757,-0.015041925652052184,-1.6102031530351724e-07,7.971026485045773e-08
533177477.149352,-0.36632971220421146,-0.01504191297698653,-3.958638219447863e-07,8.740518265583364e-08
533177547.219743,-0.3663296243974047,-0.01504190674658869,-4.018859426913046e-07,8.903206470504965e-08
533177617.203753,-0.3663295300188015,-0.015041960735415088,-4.0120474659177674e-07,3.049316376659006e-08
533177687.187722,-0.36632941906264355,-0.015041859256001837,-3.839299286823028e-07,1.274701889996538e-07
533177757.171732,-0.3663292725342248,-0.015041861154735646,-3.310667207045981e-07,1.211166941860603e-07
533177827.155742,-0.36632928639850454,-0.015041818905002604,-4.385798565431642e-07,1.5895924216670354e-07
533177897.139752,-0.3663292118200233,-0.015041749754604865,-4.5763370548623783e-07,2.2374997749735615e-07
533178150.205328,-0.366328841259139,-0.015041753605661522,-4.2551127865664284e-07,2.0452994474798314e-07
533178220.189337,-0.3663287420471233,-0.015041814787653957,-4.198530957899571e-07,1.3920695521307813e-07
533178313.155721,-0.3663287025744134,-0.01504173662572738,-5.04629731445938e-07,2.1194101874205673e-07
533178382.189344,-0.36632858750552283,-0.015041720528196429,-4.818039140430663e-07,2.2406183962028758e-07
533178453.210121,-0.36632857364124527,-0.015041762777931279,-5.628198013751806e-07,1.7776874334726744e-07
533178523.194131,-0.36632838535051016,-0.01504177638900173,-4.680059825790117e-07,1.6022072301877244e-07
533178610.19893,-0.3663282442914456,-0.015041791764876493,-4.4313290487041357e-07,1.4001589968178074e-07
533178680.18294,-0.3663282049034718,-0.015041771121396229,-4.971807476272794e-07,1.5682774582442827e-07
533178750.16695,-0.3663280437053284,-0.01504167956273352,-4.29399825085941e-07,2.446016344834906e-07
533178820.150919,-0.36632795772163396,-0.015041677824729588,-4.3681453293364925e-07,2.4260167159027846e-07
533178890.22135,-0.36632786864290734,-0.01504163025381036,-4.412306306433855e-07,2.864768428884751e-07
533178961.155747,-0.36632779177481867,-0.015041650977671244,-4.589906502094898e-07,2.620593454964043e-07
533179031.139717,-0.36632770523991093,-0.015041686087842765,-4.657965586574164e-07,2.23351983652878e-07
533179101.210147,-0.3663275924606002,-0.01504158011608554,-4.464539055670791e-07,3.2576877722137465e-07
